Keyword,Match Type,Clicks,Impr.,CTR,Avg. CPC,Cost
tiles Victoria Australia,Phrase,35,583,6.00%,$8.97,$314.10
tiles near me,Phrase,19,249,7.63%,$8.35,$158.59
tiles Dandenong,Phrase,7,151,4.64%,$13.78,$96.49
bathroom tiles near me,Phrase,3,51,5.88%,$5.05,$15.14
tile shop near me,Phrase,2,43,4.65%,$14.08,$28.15
tile store Dandenong,Phrase,1,43,2.33%,$30.99,$30.99
tiles for sale near me,Phrase,1,25,4.00%,$5.06,$5.06
outdoor tiles near me,Phrase,1,23,4.35%,$1.95,$1.95
tiles near Dandenong,Phrase,1,9,11.11%,$13.41,$13.41
